{"cameraMode":{"drawMode":0,"name":"Shaded","section":"Shading Mode"},"sceneLighting":true,"audioPlay":false,"sceneViewState":{"m_AlwaysRefresh":false,"showFog":true,"showSkybox":true,"showFlares":true,"showImageEffects":true,"showParticleSystems":true,"showVisualEffectGraphs":true,"m_FxEnabled":true},"in2DMode":false,"pivot":{"x":-3.5127487182617189,"y":-3.6031389236450197,"z":8.663962364196778},"rotation":{"x":-0.027444111183285714,"y":0.9393028616905212,"z":-0.33312204480171206,"w":-0.07738413661718369},"size":6.435555934906006,"orthographic":false}